Blanchard-Foucher,William,6000,NICE,04.84.63.25.02,william.blanchard-foucher@server.fr,medecin
Lambert,Roland,6100,NICE,04.06.86.78.55,roland.lambert@server.fr,barman
Noel,,6100,NICE,04.66.95.88.51,adrien.noel@server.fr,barman
Pruvost,Adrien,6100,NICE,04.65.84.72.72,adrien.pruvost@server.fr,
Traore,Adrienne,6100,NICE,04.80.65.40.37,adrienne.traore@server.fr,
Berthelot,Antoinette-Christiane,6100,NICE,04.80.40.08.15,antoinette-christiane.berthelot@server.fr,
de la Blanchard,Laurent,6100,NICE,04.53.50.19.19,laurent.de-la-blanchard@server.fr,
Gosselin,Emmanuel-Olivier,6200,NICE,04.81.34.90.18,emmanuel-olivier.gosselin@server.fr,acteur
Antoine,Alphonse,6200,NICE,04.06.48.44.74,alphonse.antoine@server.fr,architecte
Gay,Hugues,6200,NICE,04.20.00.47.15,hugues.gay@server.fr,avocat
Charles,Arthur,6200,NICE,04.34.30.12.96,arthur.charles@server.fr,boulanger
Gregoire,Isaac,6200,NICE,04.64.14.55.49,isaac.gregoire@server.fr,chauffeur
Lebrun,,6200,NICE,04.63.84.95.56,caroline.lebrun@server.fr,chef d'entreprise
Barbier,Agathe,6200,NICE,04.00.15.25.44,agathe.barbier@server.fr,comptable
Humbert,Isabelle,6200,NICE,04.38.64.56.37,isabelle.humbert@server.fr,comptable
Hubert,Henriette,6200,NICE,04.35.62.02.81,henriette.hubert@server.fr,cuisinier
Hamel,Alfred-Richard,6200,NICE,04.91.30.33.42,alfred-richard.hamel@server.fr,ouvrier
Hubert Le Pires,Nicole,6200,NICE,04.61.30.65.53,nicole.hubert-le-pires@server.fr,ouvrier
Toussaint,Alexandre-Marcel,6200,NICE,04.23.98.14.31,alexandre-marcel.toussaint@server.fr,technicien
Roussel de la Rodrigues,Alexandre,6200,NICE,04.27.43.25.10,alexandre.roussel-de-la-rodrigues@server.fr,
Aubry,Alfred,6200,NICE,04.09.59.21.48,alfred.aubry@server.fr,
Berthelot Le Blondel,Eric,6200,NICE,04.47.80.53.08,eric.berthelot-le-blondel@server.fr,
Renault,Richard,6200,NICE,04.19.47.09.62,richard.renault@server.fr,
Germain,,6200,NICE,04.68.05.38.94,anais.germain@server.fr,
Gallet,William,13001,MARSEILLE,04.55.19.78.54,william.gallet@server.fr,banquier
Fouquet,Etienne,13001,MARSEILLE,04.06.67.05.79,etienne.fouquet@server.fr,chauffeur
du Ramos,Antoinette,13001,MARSEILLE,04.87.83.50.83,antoinette.du-ramos@server.fr,comptable
Peron,Capucine,13001,MARSEILLE,04.40.17.69.96,capucine.peron@server.fr,informaticien
Aubert,,13001,MARSEILLE,04.84.66.96.69,anne.aubert@server.fr,journaliste
Vidal,Anastasie,13001,MARSEILLE,04.93.18.60.87,anastasie.vidal@server.fr,
Besson,Martin,13001,MARSEILLE,04.35.65.24.74,martin.besson@server.fr,
Pascal-Hubert,Patricia,13001,MARSEILLE,04.40.06.02.77,patricia.pascal-hubert@server.fr,
Da Costa Le Cohen,Nathalie,13002,MARSEILLE,04.25.87.99.25,nathalie.da-costa-le-cohen@server.fr,agriculteur
de Lebreton,Veronique,13002,MARSEILLE,04.79.04.78.12,veronique.de-lebreton@server.fr,architecte
Perrin,,13002,MARSEILLE,04.74.61.32.80,elisabeth-agnes.perrin@server.fr,militaire
Goncalves,Isabelle,13002,MARSEILLE,04.81.83.81.94,isabelle.goncalves@server.fr,
Le Thibault,Lorraine,13002,MARSEILLE,04.93.75.35.03,lorraine.le-thibault@server.fr,
de Rocher,,13002,MARSEILLE,04.83.69.95.97,christophe.de-rocher@server.fr,
David de Rolland,Hortense,13003,MARSEILLE,04.34.45.10.61,hortense.david-de-rolland@server.fr,boulanger
Bailly,Martin,13003,MARSEILLE,04.74.53.66.53,martin.bailly@server.fr,boulanger
Ribeiro,Danielle,13003,MARSEILLE,04.60.93.24.97,danielle.ribeiro@server.fr,comptable
Valentin,Eleonore,13003,MARSEILLE,04.28.94.21.06,eleonore.valentin@server.fr,
Simon,,13004,MARSEILLE,04.19.94.16.54,celina.simon@server.fr,agriculteur
Auger-Labbe,Emmanuel,13004,MARSEILLE,04.45.86.07.76,emmanuel.auger-labbe@server.fr,chercheur
Muller-Denis,Amelie,13004,MARSEILLE,04.24.26.56.83,amelie.muller-denis@server.fr,
de Gonzalez,Edouard,13004,MARSEILLE,04.81.79.25.48,edouard.de-gonzalez@server.fr,
Mary,Arthur-Etienne,13005,MARSEILLE,04.68.72.86.89,arthur-etienne.mary@server.fr,
Regnier,Penelope,13005,MARSEILLE,04.34.17.05.69,penelope.regnier@server.fr,
Delattre,,13006,MARSEILLE,04.70.49.88.01,georges.delattre@server.fr,architecte
Fouquet,Andre-David,13006,MARSEILLE,04.42.39.83.42,andre-david.fouquet@server.fr,informaticien
Lenoir,Alix-Margot,13006,MARSEILLE,04.14.13.08.76,alix-margot.lenoir@server.fr,
Delannoy,Veronique,13006,MARSEILLE,04.82.85.95.42,veronique.delannoy@server.fr,
Salmon,Danielle,13007,MARSEILLE,04.84.37.73.98,danielle.salmon@server.fr,militaire
Fontaine de la Barbier,Gilbert,13007,MARSEILLE,04.43.72.14.95,gilbert.fontaine-de-la-barbier@server.fr,technicien
Mendes,Capucine,13008,MARSEILLE,04.82.77.24.25,capucine.mendes@server.fr,barman
Camus, ,13008,MARSEILLE,04.51.88.28.62,luc.camus@server.fr,barman
Klein,Isabelle,13008,MARSEILLE,04.84.28.88.58,isabelle.klein@server.fr,chef d'entreprise
Marion-Masson,Zoe,13008,MARSEILLE,04.97.86.34.45,zoe.marion-masson@server.fr,cuisinier
Garnier,Celine,13008,MARSEILLE,04.33.22.42.61,celine.garnier@server.fr,enseignant
Perez,,13008,MARSEILLE,04.71.30.01.89,claudine.perez@server.fr,footballeur
Gillet,Alexandrie-Constance,13008,MARSEILLE,04.50.15.63.01,alexandrie-constance.gillet@server.fr,militaire
Descamps Le Hernandez,Agathe,13008,MARSEILLE,04.39.59.85.39,agathe.descamps-le-hernandez@server.fr,
Benard,Anouk,13008,MARSEILLE,04.57.18.44.46,anouk.benard@server.fr,
Pons,Aurelie,13008,MARSEILLE,04.90.11.19.81,aurelie.pons@server.fr,
Antoine,Guillaume,13008,MARSEILLE,04.50.19.32.99,guillaume.antoine@server.fr,
Delmas,Jerome,13008,MARSEILLE,04.92.99.70.04,jerome.delmas@server.fr,
Vallet,,13008,MARSEILLE,04.57.49.59.61,alex.vallet@server.fr,
Legros-Peltier,Robert,13009,MARSEILLE,04.07.13.79.82,robert.legros-peltier@server.fr,architecte
Bonnet,Louise,13009,MARSEILLE,04.49.86.66.73,louise.bonnet@server.fr,boulanger
Payet,,13009,MARSEILLE,04.47.12.82.89,anne.payet@server.fr,chef d'entreprise
Diaz,William,13009,MARSEILLE,04.53.52.63.39,william.diaz@server.fr,journaliste
Thierry,Zacharie,13009,MARSEILLE,04.80.19.29.74,zacharie.thierry@server.fr,journaliste
Jacquot-Guillet,Benoit,13009,MARSEILLE,04.29.32.88.95,benoit.jacquot-guillet@server.fr,militaire
Roger,David,13009,MARSEILLE,04.56.94.49.61,david.roger@server.fr,ouvrier
Toussaint,Dominique,13009,MARSEILLE,04.85.28.43.42,dominique.toussaint@server.fr,
Olivier,Michelle,13009,MARSEILLE,04.31.72.14.61,michelle.olivier@server.fr,
Delahaye,,13009,MARSEILLE,04.43.66.23.77,audrey.delahaye@server.fr,
Humbert,Laurence,13010,MARSEILLE,04.10.04.74.85,laurence.humbert@server.fr,barman
du De Oliveira,Lucas,13010,MARSEILLE,04.50.59.96.70,lucas.du-de-oliveira@server.fr,chef d'entreprise
Baron,Bernard,13010,MARSEILLE,04.42.41.86.45,bernard.baron@server.fr,
Carre,,13010,MARSEILLE,04.87.66.35.26,arthur.carre@server.fr,
Gillet-Vincent,Marc,13011,MARSEILLE,04.62.65.72.97,marc.gillet-vincent@server.fr,boulanger
Briand,Alice,13011,MARSEILLE,04.04.17.21.28,alice.briand@server.fr,enseignant
Andre,Emmanuelle,13011,MARSEILLE,04.51.77.86.41,emmanuelle.andre@server.fr,
Bouchet,,13011,MARSEILLE,04.30.21.98.88,edouard-rene.bouchet@server.fr,
Jacques du Guerin, ,13011,MARSEILLE,04.11.76.33.40,henriette.jacques-du-guerin@server.fr,
Lopez,Victor,13012,MARSEILLE,04.37.88.80.99,victor.lopez@server.fr,
Vallet,Alphonse,13013,MARSEILLE,04.78.30.92.16,alphonse.vallet@server.fr,acteur
Guillaume,Emile,13013,MARSEILLE,04.75.11.66.52,emile.guillaume@server.fr,agriculteur
Dos Santos-Menard,Hugues,13013,MARSEILLE,04.67.36.14.56,hugues.dos-santos-menard@server.fr,agriculteur
Robin,Stephane,13013,MARSEILLE,04.80.76.41.09,stephane.robin@server.fr,agriculteur
Boyer de la Leroy,Julien,13013,MARSEILLE,04.43.71.77.53,julien.boyer-de-la-leroy@server.fr,banquier
du Fernandez,Cecile,13013,MARSEILLE,04.28.56.11.58,cecile.du-fernandez@server.fr,barman
Martineau,David,13013,MARSEILLE,04.21.12.37.63,david.martineau@server.fr,cuisinier
Parent-Germain,Dominique,13013,MARSEILLE,04.15.32.22.39,dominique.parent-germain@server.fr,journaliste
de la Lopez,Ines,13013,MARSEILLE,04.13.43.52.22,ines.de-la-lopez@server.fr,medecin
Benard du Pires,Olivier,13013,MARSEILLE,04.50.17.08.10,olivier.benard-du-pires@server.fr,militaire
Giraud,Sebastien,13013,MARSEILLE,04.99.21.37.67,sebastien.giraud@server.fr,technicien
Barthelemy,Alix,13013,MARSEILLE,04.01.04.11.37,alix.barthelemy@server.fr,
Robin-Hamon,Alix,13013,MARSEILLE,04.64.69.03.27,alix.robin-hamon@server.fr,
Berthelot,Edith,13013,MARSEILLE,04.56.03.03.87,edith.berthelot@server.fr,
Brunel-Allain,Franck,13013,MARSEILLE,04.68.34.07.51,franck.brunel-allain@server.fr,
Dumas,Gregoire,13013,MARSEILLE,04.23.19.10.86,gregoire.dumas@server.fr,
Chretien,Leon,13013,MARSEILLE,04.77.45.08.66,leon.chretien@server.fr,
Berthelot,Lucie,13013,MARSEILLE,04.18.31.29.17,lucie.berthelot@server.fr,
Blanchet,Michel,13013,MARSEILLE,04.89.53.45.98,michel.blanchet@server.fr,
de la Da Costa,Timothee,13013,MARSEILLE,04.51.80.30.03,timothee.de-la-da-costa@server.fr,
Weber,,13013,MARSEILLE,04.07.51.11.88,alix-daisy.weber@server.fr,
Gaudin,Andre-Marcel,13014,MARSEILLE,04.91.93.25.46,andre-marcel.gaudin@server.fr,banquier
Bourdon,Bertrand,13014,MARSEILLE,04.75.82.81.14,bertrand.bourdon@server.fr,banquier
Dufour,Laetitia,13014,MARSEILLE,04.51.13.11.77,laetitia.dufour@server.fr,barman
Blanchard,Edith,13014,MARSEILLE,04.42.17.34.30,edith.blanchard@server.fr,
Benoit,,13015,MARSEILLE,04.11.27.42.16,corinne.benoit@server.fr,informaticien
Pottier-Leleu,Adelaide,13015,MARSEILLE,04.70.89.89.12,adelaide.pottier-leleu@server.fr,
Baudry-Giraud,Christine,13015,MARSEILLE,04.53.78.94.08,christine.baudry-giraud@server.fr,
Seguin,,13016,MARSEILLE,04.61.64.78.66,aimee-sylvie.seguin@server.fr,architecte
Garnier,,13016,MARSEILLE,04.94.06.58.33,hugues.garnier@server.fr,architecte
Bernard,Guy,13016,MARSEILLE,04.49.68.95.57,guy.bernard@server.fr,footballeur
Rey,Alix,13016,MARSEILLE,04.13.15.63.49,alix.rey@server.fr,
Maillet,Benoit,13016,MARSEILLE,04.06.13.42.17,benoit.maillet@server.fr,
Maillard de Tanguy,Laurence,13016,MARSEILLE,04.78.54.07.34,laurence.maillard-de-tanguy@server.fr,
Fontaine,Christophe,13080,AIX-EN-PROVENCE,04.95.62.77.35,christophe.fontaine@server.fr,chauffeur
Boucher,,13080,AIX-EN-PROVENCE,04.24.13.60.77,bernadette-brigitte.boucher@server.fr,
du Pasquier,Laure,13090,AIX-EN-PROVENCE,04.87.80.73.83,laure.du-pasquier@server.fr,enseignant
Thibault,Alfred,31000,TOULOUSE,05.34.21.41.83,alfred.thibault@server.fr,banquier
Allard,Alain,31000,TOULOUSE,05.52.67.46.27,alain.allard@server.fr,chercheur
Fontaine,,31000,TOULOUSE,05.42.73.16.27,gilbert.fontaine@server.fr,footballeur
Delattre,Benoit,31000,TOULOUSE,05.20.26.28.86,benoit.delattre@server.fr,ouvrier
Duval,Alain-Gerard,31000,TOULOUSE,05.35.23.37.07,alain-gerard.duval@server.fr,
Guyot,Lorraine,31000,TOULOUSE,05.62.69.03.78,lorraine.guyot@server.fr,
de Dufour,Sylvie,31000,TOULOUSE,05.96.97.16.00,sylvie.de-dufour@server.fr,
Gros,,31000,TOULOUSE,05.69.14.91.15,alfred-christophe.gros@server.fr,
Boyer,Gabrielle,31100,TOULOUSE,05.71.37.02.78,gabrielle.boyer@server.fr,journaliste
Colin,Alain-Nicolas,31100,TOULOUSE,05.74.76.00.20,alain-nicolas.colin@server.fr,
de la Gimenez,Marguerite,31200,TOULOUSE,05.13.46.08.54,marguerite.de-la-gimenez@server.fr,architecte
Picard,Raymond,31200,TOULOUSE,05.19.99.85.48,raymond.picard@server.fr,medecin
Barre-Ribeiro,,31200,TOULOUSE,05.76.09.21.76,frederic.barre-ribeiro@server.fr,ouvrier
Vallet,Colette,31200,TOULOUSE,05.16.43.39.41,colette.vallet@server.fr,
de la Picard,Noemi,31200,TOULOUSE,05.86.69.79.75,noemi.de-la-picard@server.fr,
Alexandre de Rossi,,31200,TOULOUSE,05.26.31.69.69,anne.alexandre-de-rossi@server.fr,
Dijoux,Timothee,31300,TOULOUSE,05.35.52.93.57,timothee.dijoux@server.fr,avocat
De Sousa-Rodrigues,Louis,31300,TOULOUSE,05.92.20.99.18,louis.de-sousa-rodrigues@server.fr,medecin
Vallet,Aime,31300,TOULOUSE,05.25.11.64.21,aime.vallet@server.fr,
Leleu Le Colas, ,31400,TOULOUSE,05.20.54.42.50,daisy.leleu-le-colas@server.fr,barman
Fontaine de Lemaire,Virginie,31400,TOULOUSE,05.86.84.03.06,virginie.fontaine-de-lemaire@server.fr,chauffeur
Huet-Gregoire,Emile,31400,TOULOUSE,05.13.35.71.12,emile.huet-gregoire@server.fr,journaliste
Texier,Genevieve,31500,TOULOUSE,05.81.63.70.22,genevieve.texier@server.fr,banquier
Navarro,,31500,TOULOUSE,05.11.62.50.42,helene.navarro@server.fr,barman
Robert,Auguste-Daniel,31500,TOULOUSE,05.95.59.43.06,auguste-daniel.robert@server.fr,
de la Boucher,Christelle,31500,TOULOUSE,05.26.03.50.13,christelle.de-la-boucher@server.fr,
Leblanc,Matthieu,31500,TOULOUSE,05.16.92.04.42,matthieu.leblanc@server.fr,
Coulon,Audrey,33000,BORDEAUX,05.03.47.23.42,audrey.coulon@server.fr,avocat
Thibault,Corinne,33000,BORDEAUX,05.86.34.17.52,corinne.thibault@server.fr,chauffeur
de Chevalier,Martine,33000,BORDEAUX,05.08.40.28.82,martine.de-chevalier@server.fr,comptable
Bouvet du Boutin,Olivier,33000,BORDEAUX,05.31.76.95.96,olivier.bouvet-du-boutin@server.fr,medecin
Hoareau,Alexandria-Agathe,33000,BORDEAUX,05.48.64.19.45,alexandria-agathe.hoareau@server.fr,
Daniel-Langlois,Antoinette,33000,BORDEAUX,05.98.01.64.21,antoinette.daniel-langlois@server.fr,
de la Lemonnier,Laurent,33000,BORDEAUX,05.34.75.79.34,laurent.de-la-lemonnier@server.fr,
Lacombe,Laurence,33100,BORDEAUX,05.19.81.29.12,laurence.lacombe@server.fr,architecte
Adam,Christophe,33100,BORDEAUX,05.89.11.13.05,christophe.adam@server.fr,chef d'entreprise
Blanc,Elodie,33100,BORDEAUX,05.64.44.58.14,elodie.blanc@server.fr,enseignant
du Renaud,,33100,BORDEAUX,05.33.30.62.41,bernard.du-renaud@server.fr,journaliste
Blanchet,Daniel-Alexandre,33100,BORDEAUX,05.99.00.29.39,daniel-alexandre.blanchet@server.fr,technicien
Fouquet,Agnes-Colette,33300,BORDEAUX,05.37.75.27.27,agnes-colette.fouquet@server.fr,avocat
de la Paul,Anais,33300,BORDEAUX,05.51.67.15.68,anais.de-la-paul@server.fr,barman
Bailly,Amelie,33300,BORDEAUX,05.78.06.03.54,amelie.bailly@server.fr,
David de Mary,,34000,MONTPELLIER,04.19.41.05.98,joseph.david-de-mary@server.fr,architecte
Aubert,Eugene,34000,MONTPELLIER,04.47.15.57.16,eugene.aubert@server.fr,informaticien
Aubry,Elodie,34000,MONTPELLIER,04.92.70.76.24,elodie.aubry@server.fr,medecin
Voisin,Alain,34000,MONTPELLIER,04.98.04.41.59,alain.voisin@server.fr,
Coste,Theodore,34070,MONTPELLIER,04.01.43.27.22,theodore.coste@server.fr,avocat
Texier,Alexandrie,34070,MONTPELLIER,04.41.52.37.43,alexandrie.texier@server.fr,enseignant
Caron,Jules,34070,MONTPELLIER,04.77.18.00.44,jules.caron@server.fr,informaticien
Andre-Gerard,Antoine,34070,MONTPELLIER,04.28.86.50.02,antoine.andre-gerard@server.fr,
Le Ruiz,Marc,34080,MONTPELLIER,04.10.28.08.50,marc.le-ruiz@server.fr,informaticien
Gallet Le Lacroix,Cecile,34090,MONTPELLIER,04.74.86.66.19,cecile.gallet-le-lacroix@server.fr,architecte
Dufour,Jules,34090,MONTPELLIER,04.84.43.35.45,jules.dufour@server.fr,chercheur
Teixeira,Aimee,34090,MONTPELLIER,04.49.34.01.96,aimee.teixeira@server.fr,technicien
Julien du Vallet,Isabelle,34090,MONTPELLIER,04.99.76.55.66,isabelle.julien-du-vallet@server.fr,
Vaillant,,35000,RENNES,02.72.41.81.32,camille.vaillant@server.fr,agriculteur
de la Fleury,Vincent,35000,RENNES,02.90.75.44.45,vincent.de-la-fleury@server.fr,banquier
Simon,David,35000,RENNES,02.49.93.37.49,david.simon@server.fr,chef d'entreprise
Leleu,Alain-Theophile,35000,RENNES,02.02.72.69.15,alain-theophile.leleu@server.fr,
Dos Santos,Jerome,35000,RENNES,02.68.87.37.79,jerome.dos-santos@server.fr,
Hamel,Alphonse-Julien,35200,RENNES,02.51.76.45.49,alphonse-julien.hamel@server.fr,avocat
Blot,Christelle,35200,RENNES,02.97.20.55.15,christelle.blot@server.fr,banquier
Sauvage,Camille,35200,RENNES,02.93.22.32.86,camille.sauvage@server.fr,boulanger
Chevalier,Julien,35200,RENNES,02.95.75.99.50,julien.chevalier@server.fr,militaire
Mahe,David,35200,RENNES,02.57.76.07.10,david.mahe@server.fr,
Valette,Zacharie,35200,RENNES,02.35.78.49.19,zacharie.valette@server.fr,
Francois,,35200,RENNES,02.19.25.22.51,etienne.francois@server.fr,
Bouvet,Juliette,35700,RENNES,02.36.93.19.86,juliette.bouvet@server.fr,technicien
Guerin,Gerard,35700,RENNES,02.75.57.95.88,gerard.guerin@server.fr,
Maury,Marianne,35700,RENNES,02.81.57.39.82,marianne.maury@server.fr,
Schmitt,Stephanie,35700,RENNES,02.41.88.32.01,stephanie.schmitt@server.fr,
Chartier du Carlier,Yves,35700,RENNES,02.24.46.18.43,yves.chartier-du-carlier@server.fr,
Guillot,Claire,38000,GRENOBLE,04.10.41.33.52,claire.guillot@server.fr,banquier
Vallet,Josephine,38000,GRENOBLE,04.66.62.48.21,josephine.vallet@server.fr,ouvrier
Delahaye,Vincent,38000,GRENOBLE,04.93.19.42.38,vincent.delahaye@server.fr,
Gregoire,Xavier,38000,GRENOBLE,04.65.22.52.68,xavier.gregoire@server.fr,
Meyer,Tristan,38100,GRENOBLE,04.83.74.44.15,tristan.meyer@server.fr,
Briand,Louise,42000,ST ETIENNE,04.63.75.24.54,louise.briand@server.fr,agriculteur
Hernandez,Pauline,42000,ST ETIENNE,04.57.85.54.67,pauline.hernandez@server.fr,chauffeur
de la Martel,Charles,42000,ST ETIENNE,04.29.20.50.45,charles.de-la-martel@server.fr,medecin
Legrand,Jeannine,42000,ST ETIENNE,04.95.05.15.67,jeannine.legrand@server.fr,
Benard-Colas,Agnes,42100,ST ETIENNE,04.37.93.46.69,agnes.benard-colas@server.fr,
Bouchet-Marchal,,44000,NANTES,02.14.98.30.02,guy.bouchet-marchal@server.fr,agriculteur
de Gaillard,Nathalie,44000,NANTES,02.84.34.01.43,nathalie.de-gaillard@server.fr,architecte
Cohen,,44000,NANTES,02.57.90.78.87,arthur.cohen@server.fr,banquier
Allain,,44000,NANTES,02.95.40.33.81,alice.allain@server.fr,enseignant
Ribeiro,Daniel,44000,NANTES,02.47.66.10.13,daniel.ribeiro@server.fr,
Wagner du Hamon,Stephanie,44000,NANTES,02.44.57.04.18,stephanie.wagner-du-hamon@server.fr,
Germain,Gregoire,44100,NANTES,02.78.47.84.22,gregoire.germain@server.fr,comptable
Maurice,Benoit,44100,NANTES,02.72.85.06.13,benoit.maurice@server.fr,
Breton,Jacques,44100,NANTES,02.33.29.75.25,jacques.breton@server.fr,
Mace,Claire,44200,NANTES,02.54.68.59.39,claire.mace@server.fr,banquier
Rodriguez,Nicole,44200,NANTES,02.97.32.85.06,nicole.rodriguez@server.fr,medecin
Bouvet,Michele,44200,NANTES,02.94.01.61.95,michele.bouvet@server.fr,militaire
Texier,,44300,NANTES,02.38.02.61.95,celina.texier@server.fr,boulanger
Muller,,44300,NANTES,02.64.17.68.36,capucine.muller@server.fr,informaticien
Fernandez-Poulain,Xavier,44300,NANTES,02.00.00.70.91,xavier.fernandez-poulain@server.fr,ouvrier
Hardy,,44300,NANTES,02.05.54.79.01,claire.hardy@server.fr,
Rodrigues,Corinne,59000,LILLE,03.01.64.58.24,corinne.rodrigues@server.fr,agriculteur
Hamon,Laetitia,59000,LILLE,03.53.98.93.47,laetitia.hamon@server.fr,agriculteur
Bertin,Francoise,59000,LILLE,03.85.13.38.31,francoise.bertin@server.fr,footballeur
Besson,Adrien-Emile,59000,LILLE,03.15.78.90.68,adrien-emile.besson@server.fr,
Valette,Paul,59000,LILLE,03.87.62.68.70,paul.valette@server.fr,
Lelievre,Auguste-Jerome,59160,LILLE,03.91.00.57.73,auguste-jerome.lelievre@server.fr,avocat
Salmon,Sophie,67000,STRASBOURG,03.03.03.11.17,sophie.salmon@server.fr,footballeur
Rodrigues,,67000,STRASBOURG,03.21.15.00.96,denise.rodrigues@server.fr,medecin
Raynaud,David,67000,STRASBOURG,03.74.72.55.31,david.raynaud@server.fr,
Guillot-Bertrand,Pauline,67100,STRASBOURG,03.35.78.08.92,pauline.guillot-bertrand@server.fr,boulanger
Thomas,,67100,STRASBOURG,03.51.73.93.80,adrien.thomas@server.fr,technicien
Le Clement,Susanne,67100,STRASBOURG,03.95.84.81.83,susanne.le-clement@server.fr,
Perez-Leblanc,Roger,67200,STRASBOURG,03.66.22.91.62,roger.perez-leblanc@server.fr,chef d'entreprise
Dubois,,67200,STRASBOURG,03.20.81.53.76,aime-raymond.dubois@server.fr,footballeur
Cordier,Gabrielle,67200,STRASBOURG,03.94.25.35.08,gabrielle.cordier@server.fr,medecin
de Pinto,,67200,STRASBOURG,03.74.93.17.73,benoit.de-pinto@server.fr,
Hebert,Roland,69001,LYON,04.67.28.21.92,roland.hebert@server.fr,cuisinier
Rodrigues,,69001,LYON,04.66.98.54.39,adrien.rodrigues@server.fr,
Buisson,Lucie,69002,LYON,04.35.42.15.44,lucie.buisson@server.fr,cuisinier
Perrot Le Lopes,Genevieve,69002,LYON,04.79.08.65.92,genevieve.perrot-le-lopes@server.fr,ouvrier
Dupont de Boulanger,Nicolas,69002,LYON,04.82.92.21.26,nicolas.dupont-de-boulanger@server.fr,technicien
Baron,,69003,LYON,04.66.77.93.91,auguste.baron@server.fr,chef d'entreprise
Guerin,Christophe,69003,LYON,04.95.52.08.72,christophe.guerin@server.fr,ouvrier
Boucher,Adele,69003,LYON,04.82.49.17.30,adele.boucher@server.fr,
Rolland,Alexandre,69003,LYON,04.71.46.90.17,alexandre.rolland@server.fr,
Voisin-Martel,Roger,69003,LYON,04.71.93.83.19,roger.voisin-martel@server.fr,
de la Giraud, ,69004,LYON,04.60.21.83.68,laurent.de-la-giraud@server.fr,agriculteur
Martineau-Buisson,,69004,LYON,04.80.39.53.22,benoit.martineau-buisson@server.fr,avocat
de Fontaine,Benoit,69004,LYON,04.51.64.70.14,benoit.de-fontaine@server.fr,enseignant
Foucher-Carlier,Anais,69004,LYON,04.12.60.02.33,anais.foucher-carlier@server.fr,
Cohen,Clemence,69004,LYON,04.42.72.54.88,clemence.cohen@server.fr,
Marion Le Lucas,Marianne,69004,LYON,04.07.72.35.15,marianne.marion-le-lucas@server.fr,
Gilles du Georges,Laure,69005,LYON,04.45.30.70.92,laure.gilles-du-georges@server.fr,acteur
Michel,,69005,LYON,04.68.08.78.82,josephine.michel@server.fr,journaliste
Benard de Charrier,Aurore,69005,LYON,04.21.23.59.98,aurore.benard-de-charrier@server.fr,
Fernandes-Valette,Laurent,69006,LYON,04.14.03.19.59,laurent.fernandes-valette@server.fr,acteur
Humbert,,69006,LYON,04.57.77.17.05,benoit.humbert@server.fr,banquier
Hamon-Robin,,69006,LYON,04.74.51.30.58,denis.hamon-robin@server.fr,footballeur
Rossi,Anastasie,69006,LYON,04.84.43.34.10,anastasie.rossi@server.fr,
Lagarde,Catherine,69006,LYON,04.32.24.65.52,catherine.lagarde@server.fr,
Evrard,Nicolas,69007,LYON,04.04.41.10.41,nicolas.evrard@server.fr,barman
Thibault,Alphonse,69007,LYON,04.71.31.48.39,alphonse.thibault@server.fr,footballeur
Lemaire,Claire,69007,LYON,04.87.56.17.87,claire.lemaire@server.fr,militaire
Hernandez,Adelaide-Gabrielle,69007,LYON,04.60.76.16.31,adelaide-gabrielle.hernandez@server.fr,technicien
Paris,Camille,69008,LYON,04.24.47.92.37,camille.paris@server.fr,enseignant
Roussel,Stephane,69008,LYON,04.90.37.37.22,stephane.roussel@server.fr,militaire
Didier,Veronique,69008,LYON,04.02.90.62.68,veronique.didier@server.fr,technicien
Gaillard,Benoit,69008,LYON,04.17.76.08.69,benoit.gaillard@server.fr,
Lemaitre-Auger,Catherine,69008,LYON,04.51.14.60.00,catherine.lemaitre-auger@server.fr,
Allain,Alex,69009,LYON,04.44.61.44.48,alex.allain@server.fr,banquier
Gosselin du Ferrand,Susanne,69009,LYON,04.19.28.49.16,susanne.gosselin-du-ferrand@server.fr,enseignant
Morin Le Hubert,Victor,69009,LYON,04.31.55.93.05,victor.morin-le-hubert@server.fr,enseignant
Pottier,Audrey-Claudine,69009,LYON,04.48.56.34.56,audrey-claudine.pottier@server.fr,ouvrier
Vaillant,Alain,69009,LYON,04.21.80.58.23,alain.vaillant@server.fr,
Dupuy,Denis-Theodore,69100,VILLEURBANNE,04.68.93.66.79,denis-theodore.dupuy@server.fr,acteur
Rousseau de la Martin,Diane,69100,VILLEURBANNE,04.81.45.00.15,diane.rousseau-de-la-martin@server.fr,footballeur
Gaudin,Celine,69100,VILLEURBANNE,04.86.90.53.37,celine.gaudin@server.fr,
Perrin-Riviere,Philippe,69100,VILLEURBANNE,04.91.38.36.75,philippe.perrin-riviere@server.fr,
Teixeira-Colas,Zacharie,69100,VILLEURBANNE,04.24.73.28.68,zacharie.teixeira-colas@server.fr,
Labbe,Helene,69140,RILLIEUX LA PAPE,04.54.01.23.46,helene.labbe@server.fr,
Lemonnier-Renault,Claude,69150,DECINES-CHARPIEU,04.69.53.11.58,claude.lemonnier-renault@server.fr,barman
de Fernandes,Jacques,69150,DECINES-CHARPIEU,04.85.98.38.88,jacques.de-fernandes@server.fr,chef d'entreprise
Bazin du Bertrand,Christine,69300,CALUIRE-ET-CUIRE,04.07.24.94.58,christine.bazin-du-bertrand@server.fr,
Barbe du Collin,Danielle,69310,PIERRE BENITE,04.48.90.45.12,danielle.barbe-du-collin@server.fr,
Alves,Anais-Gabrielle,69410,CHAMPAGNE-AU-MONT-D'OR,04.16.05.05.90,anais-gabrielle.alves@server.fr,militaire
Gilbert,Thomas,69410,CHAMPAGNE-AU-MONT-D'OR,04.29.38.56.41,thomas.gilbert@server.fr,
Payet,Christine,69500,BRON,04.67.18.02.43,christine.payet@server.fr,boulanger
Toussaint, ,69700,GIVORS,04.52.75.93.46,daniel.toussaint@server.fr,
Delannoy de Lefebvre,Yves,69800,SAINT-PRIEST,04.60.83.37.72,yves.delannoy-de-lefebvre@server.fr,
Maillard, ,75001,PARIS,01.15.70.13.26,anouk-agathe.maillard@server.fr,journaliste
Gimenez,,75001,PARIS,01.04.18.28.88,laure.gimenez@server.fr,medecin
Leger,Benoit,75001,PARIS,01.11.68.67.29,benoit.leger@server.fr,technicien
Chevallier,Remy,75001,PARIS,01.91.80.56.73,remy.chevallier@server.fr,
David,Benoit,75002,PARIS,01.58.98.36.08,benoit.david@server.fr,acteur
Lefevre,Amelie-Penelope,75002,PARIS,01.96.81.30.84,amelie-penelope.lefevre@server.fr,agriculteur
Marie,Marianne,75002,PARIS,01.79.69.73.76,marianne.marie@server.fr,architecte
Brun,,75002,PARIS,01.39.02.28.03,charles.brun@server.fr,banquier
Antoine,Alexandrie,75002,PARIS,01.75.88.57.29,alexandrie.antoine@server.fr,medecin
Leduc,Aime-Jacques,75002,PARIS,01.20.36.44.26,aime-jacques.leduc@server.fr,
Chevallier,Christiane,75003,PARIS,01.73.47.31.62,christiane.chevallier@server.fr,barman
Gimenez,Anastasie-Alice,75003,PARIS,01.24.57.14.68,anastasie-alice.gimenez@server.fr,footballeur
Collet,Elise,75003,PARIS,01.12.79.10.69,elise.collet@server.fr,footballeur
Lacroix,Matthieu,75003,PARIS,01.89.74.55.41,matthieu.lacroix@server.fr,footballeur
Antoine, ,75003,PARIS,01.85.29.43.35,adrienne.antoine@server.fr,medecin
Joly,Catherine,75003,PARIS,01.70.99.17.39,catherine.joly@server.fr,
Dubois,Thierry,75004,PARIS,01.37.91.53.43,thierry.dubois@server.fr,banquier
Seguin,Auguste-Edouard,75004,PARIS,01.54.77.09.87,auguste-edouard.seguin@server.fr,barman
Turpin,Julie,75004,PARIS,01.96.25.04.22,julie.turpin@server.fr,boulanger
Vincent,,75004,PARIS,01.32.82.21.66,aime.vincent@server.fr,boulanger
Daniel,Alexandre-Luc,75004,PARIS,01.88.19.10.32,alexandre-luc.daniel@server.fr,journaliste
de Thibault,Marguerite,75004,PARIS,01.57.08.95.99,marguerite.de-thibault@server.fr,journaliste
Collin,Joseph,75004,PARIS,01.33.85.89.73,joseph.collin@server.fr,ouvrier
Charpentier,Antoine,75004,PARIS,01.79.21.70.84,antoine.charpentier@server.fr,
Bourdon,Francoise,75004,PARIS,01.92.51.97.32,francoise.bourdon@server.fr,
Bonneau,Remy,75004,PARIS,01.32.04.54.43,remy.bonneau@server.fr,
Bouvet,Luc,75005,PARIS,01.51.76.83.19,luc.bouvet@server.fr,journaliste
Baron,Corinne-Manon,75005,PARIS,01.89.44.69.38,corinne-manon.baron@server.fr,technicien
Barre,Arnaude,75005,PARIS,01.02.68.31.02,arnaude.barre@server.fr,
Aubry,Emmanuelle,75006,PARIS,01.26.34.58.25,emmanuelle.aubry@server.fr,avocat
Herve Le Toussaint,Tristan,75006,PARIS,01.24.33.13.86,tristan.herve-le-toussaint@server.fr,boulanger
Guichard,Xavier,75006,PARIS,01.41.53.26.74,xavier.guichard@server.fr,boulanger
Vallet Le Bouchet,Daniel,75006,PARIS,01.18.53.12.69,daniel.vallet-le-bouchet@server.fr,chef d'entreprise
Berthelot-Lefebvre,Andre,75006,PARIS,01.10.20.05.90,andre.berthelot-lefebvre@server.fr,chercheur
Gauthier,Sebastien,75006,PARIS,01.71.95.69.59,sebastien.gauthier@server.fr,cuisinier
Pelletier,Arthur-Rene,75006,PARIS,01.23.37.33.84,arthur-rene.pelletier@server.fr,
Verdier,,75006,PARIS,01.04.11.57.29,aimee.verdier@server.fr,
Renaud,Philippe,75007,PARIS,01.79.34.16.14,philippe.renaud@server.fr,informaticien
Fleury,Henri,75007,PARIS,01.62.03.86.42,henri.fleury@server.fr,technicien
De Sousa,Brigitte,75007,PARIS,01.50.92.32.76,brigitte.de-sousa@server.fr,
Boulanger,Jean,75007,PARIS,01.28.76.47.13,jean.boulanger@server.fr,
Paris-Picard,,75007,PARIS,01.30.26.92.16,anne.paris-picard@server.fr,
de la Dias,Manon,75008,PARIS,01.15.87.34.32,manon.de-la-dias@server.fr,militaire
Lesage,Alexandre-Gilbert,75008,PARIS,01.63.00.32.86,alexandre-gilbert.lesage@server.fr,
Masson,,75008,PARIS,01.24.28.35.08,alexandria.masson@server.fr,
Bigot,,75009,PARIS,01.80.42.54.33,antoine-roger.bigot@server.fr,avocat
Hoareau,Chantal,75009,PARIS,01.42.92.30.22,chantal.hoareau@server.fr,banquier
Nicolas,Celina,75009,PARIS,01.99.47.29.02,celina.nicolas@server.fr,comptable
Le Menard,Aime,75009,PARIS,01.01.11.74.78,aime.le-menard@server.fr,enseignant
Bourgeois-Regnier,Luc,75009,PARIS,01.58.17.06.75,luc.bourgeois-regnier@server.fr,informaticien
Prevost,Penelope,75009,PARIS,01.74.01.14.69,penelope.prevost@server.fr,informaticien
Renaud,Richard,75009,PARIS,01.45.84.22.87,richard.renaud@server.fr,
Rousset,Roger,75009,PARIS,01.34.85.08.94,roger.rousset@server.fr,
Caron,Augustin-Adrien,75010,PARIS,01.59.27.95.01,augustin-adrien.caron@server.fr,comptable
Ollivier,daisy,75010,PARIS,01.03.30.29.46,daisy.ollivier@server.fr,journaliste
Buisson,Nathalie,75010,PARIS,01.50.62.28.78,nathalie.buisson@server.fr,militaire
Brun,Antoinette,75010,PARIS,01.25.85.53.19,antoinette.brun@server.fr,
Seguin,Constance,75010,PARIS,01.43.12.07.53,constance.seguin@server.fr,
Pereira,,75010,PARIS,01.66.67.63.04,camille.pereira@server.fr,
Marie,Victor,75011,PARIS,01.28.62.51.83,victor.marie@server.fr,avocat
Bodin,Astrid,75011,PARIS,01.96.61.18.25,astrid.bodin@server.fr,barman
Marques,Julie-Nathalie,75011,PARIS,01.44.23.55.10,julie-nathalie.marques@server.fr,
Vasseur,Sophie,75012,PARIS,01.88.77.06.68,sophie.vasseur@server.fr,barman
Noel,Patrick,75012,PARIS,01.03.87.70.07,patrick.noel@server.fr,boulanger
Bertin,Gabriel,75012,PARIS,01.98.56.13.35,gabriel.bertin@server.fr,informaticien
de la Dupuis,Jules,75012,PARIS,01.54.08.69.98,jules.de-la-dupuis@server.fr,medecin
du Faure,Thierry,75012,PARIS,01.46.30.95.02,thierry.du-faure@server.fr,
Leclerc, ,75012,PARIS,01.17.16.96.13,claire.leclerc@server.fr,
Klein,,75012,PARIS,01.86.09.57.35,daniel-alphonse.klein@server.fr,
Fouquet, ,75013,PARIS,01.44.87.04.61,jules.fouquet@server.fr,barman
Regnier,Marine,75013,PARIS,01.77.02.27.04,marine.regnier@server.fr,
Gros-Adam,Laetitia,75014,PARIS,01.16.10.59.70,laetitia.gros-adam@server.fr,acteur
Gonzalez,Antoinette,75014,PARIS,01.47.52.54.55,antoinette.gonzalez@server.fr,agriculteur
Joubert,Christophe,75014,PARIS,01.70.51.28.26,christophe.joubert@server.fr,informaticien
Blot,Luc,75014,PARIS,01.56.38.29.96,luc.blot@server.fr,
Barre,Charlotte,75015,PARIS,01.87.40.72.59,charlotte.barre@server.fr,enseignant
Benard,Aimee-Luce,75015,PARIS,01.78.08.87.04,aimee-luce.benard@server.fr,technicien
Mahe-Salmon,Eugene,75015,PARIS,01.49.05.48.53,eugene.mahe-salmon@server.fr,
Boulanger,Julien,75015,PARIS,01.07.35.46.05,julien.boulanger@server.fr,
Dumont,Laetitia,75015,PARIS,01.75.14.61.04,laetitia.dumont@server.fr,
Besnard de la Dumont,Thibault,75015,PARIS,01.64.30.22.55,thibault.besnard-de-la-dumont@server.fr,
Carre,,75016,PARIS,01.98.37.50.98,adrien.carre@server.fr,acteur
Perrin,Corinne-Astrid,75016,PARIS,01.89.60.20.76,corinne-astrid.perrin@server.fr,informaticien
Germain,Aime-Thibaut,75017,PARIS,01.07.82.58.28,aime-thibaut.germain@server.fr,acteur
Arnaud de Joubert,,75017,PARIS,01.33.65.70.11,julien.arnaud-de-joubert@server.fr,banquier
Cordier,Jean,75017,PARIS,01.49.32.16.66,jean.cordier@server.fr,journaliste
Berger-Dupuy,Antoinette,75017,PARIS,01.97.75.13.20,antoinette.berger-dupuy@server.fr,
Briand,Clemence,75017,PARIS,01.22.79.30.77,clemence.briand@server.fr,
Deschamps-Boulay,Gilbert,75017,PARIS,01.07.51.83.93,gilbert.deschamps-boulay@server.fr,
Charpentier,Antoinette,75018,PARIS,01.40.84.00.93,antoinette.charpentier@server.fr,chef d'entreprise
Daniel,,75018,PARIS,01.40.93.87.81,louis.daniel@server.fr,cuisinier
Gaillard du Gay,Christophe,75019,PARIS,01.23.00.16.32,christophe.gaillard-du-gay@server.fr,avocat
Coulon,Anastasie,75019,PARIS,01.85.19.42.46,anastasie.coulon@server.fr,chercheur
de la Bonnet,Jacques,75019,PARIS,01.28.37.89.91,jacques.de-la-bonnet@server.fr,journaliste
Brunet,Andre-Xavier,75019,PARIS,01.83.55.44.49,andre-xavier.brunet@server.fr,
Benard,Eric,75019,PARIS,01.98.80.87.54,eric.benard@server.fr,
Voisin-Bigot,,75019,PARIS,01.89.18.15.27,adelaide.voisin-bigot@server.fr,
Aubry,Benjamin,75020,PARIS,01.85.04.60.89,benjamin.aubry@server.fr,cuisinier
Georges du Raymond,Georges,75020,PARIS,01.12.11.57.31,georges.georges-du-raymond@server.fr,ouvrier
Buisson,Daniel,75020,PARIS,01.10.15.23.35,daniel.buisson@server.fr,
Neveu du Gillet,Michelle,75020,PARIS,01.27.31.05.96,michelle.neveu-du-gillet@server.fr,
Becker,Aime,75116,PARIS,01.30.86.43.76,aime.becker@server.fr,chauffeur
Salmon-Jacquot,Nicole,75116,PARIS,01.03.89.16.08,nicole.salmon-jacquot@server.fr,comptable
Denis,Jacqueline,75116,PARIS,01.96.95.54.89,jacqueline.denis@server.fr,ouvrier
Clerc,Ines,76600,LE HAVRE,02.01.30.88.43,ines.clerc@server.fr,
Blin,Jacques,76600,LE HAVRE,02.83.99.67.65,jacques.blin@server.fr,
Maillet,,76600,LE HAVRE,02.55.74.21.90,claude.maillet@server.fr,
Blanchet,Nicole-Agathe,76610,LE HAVRE,02.46.59.43.70,nicole-agathe.blanchet@server.fr,chauffeur
Lacroix,,76610,LE HAVRE,02.27.69.78.21,gerard.lacroix@server.fr,ouvrier
Weiss,Edouard,76610,LE HAVRE,02.99.38.65.65,edouard.weiss@server.fr,
de Lacroix,Gilbert,76610,LE HAVRE,02.85.45.76.16,gilbert.de-lacroix@server.fr,
Poulain-Garnier,Margaud,76610,LE HAVRE,02.45.71.93.99,margaud.poulain-garnier@server.fr,
Muller,David,76620,LE HAVRE,02.91.44.89.69,david.muller@server.fr,enseignant
Carlier,Auguste,76620,LE HAVRE,02.28.44.02.46,auguste.carlier@server.fr,
Launay,,76620,LE HAVRE,02.89.27.30.48,aime.launay@server.fr,
Thomas,Agnes,83000,TOULON,04.53.42.42.64,agnes.thomas@server.fr,acteur
Goncalves-Masse,Sebastien,83000,TOULON,04.21.61.57.07,sebastien.goncalves-masse@server.fr,acteur
Bailly,,83100,TOULON,04.29.97.71.58,guillaume.bailly@server.fr,boulanger
Schneider,Alfred,83100,TOULON,04.86.88.62.83,alfred.schneider@server.fr,
Lebon,Marie,93200,SAINT-DENIS,01.61.78.71.45,marie.lebon@server.fr,agriculteur
Renaud,,93200,SAINT-DENIS,01.54.22.02.01,andree.renaud@server.fr,architecte
Le Paul,Robert,93200,SAINT-DENIS,01.37.83.32.68,robert.le-paul@server.fr,banquier
Chauvet,Charles,93200,SAINT-DENIS,01.94.22.17.15,charles.chauvet@server.fr,comptable
Le Joly,Jeanne,93200,SAINT-DENIS,01.97.50.23.59,jeanne.le-joly@server.fr,cuisinier
Laine du Delannoy,,93200,SAINT-DENIS,01.31.64.22.49,lorraine.laine-du-delannoy@server.fr,technicien
Hamon,Thierry,93210,SAINT-DENIS,01.42.84.17.74,thierry.hamon@server.fr,banquier
Buisson,Alix-Elisabeth,93210,SAINT-DENIS,01.86.31.55.30,alix-elisabeth.buisson@server.fr,barman
Benoit,Antoinette,93210,SAINT-DENIS,01.47.53.32.77,antoinette.benoit@server.fr,medecin
Lecomte,,93210,SAINT-DENIS,01.70.57.12.08,benoit.lecomte@server.fr,
"de la Albert,Corinne,	,,04.79.41.89.18,corinne.de-la-albert@server.fr,banquier"
"Bazin de Gilbert,Adrienne,	, ,04.81.38.58.77,adrienne.bazin-de-gilbert@server.fr,barman"
"Bertin,Guy,	,,04.95.43.11.26,guy.bertin@server.fr,barman"
"Etienne-Techer,Noemi,	,,04.33.68.87.28,noemi.etienne-techer@server.fr,barman"
"Delahaye,Benoit,	,,01.63.20.35.40,benoit.delahaye@server.fr,chercheur"
"Bonneau,Aimee,	,,05.14.98.82.95,aimee.bonneau@server.fr,cuisinier"
"de la Nicolas,Sylvie,	,,01.27.51.96.82,sylvie.de-la-nicolas@server.fr,medecin"
"Legros,Marie,	,,01.99.40.70.72,marie.legros@server.fr,"
Meyer,Victoire, , ,01.61.78.69.10,victoire.meyer@server.fr,avocat
Barthelemy,Adele, ,,02.15.23.25.75,adele.barthelemy@server.fr,barman
Clerc,, ,,01.23.58.98.06,agathe.clerc@server.fr,chercheur
de la Mahe,Adrien, , ,04.12.38.40.64,adrien.de-la-mahe@server.fr,enseignant
Fleury,Denis, ,,04.46.82.91.56,denis.fleury@server.fr,enseignant
Grenier-Aubry,, ,,02.86.90.17.43,laurent.grenier-aubry@server.fr,enseignant
Berthelot,Louise, ,,02.67.91.10.30,louise.berthelot@server.fr,footballeur
Foucher,Veronique, ,,04.73.91.53.86,veronique.foucher@server.fr,footballeur
David,, ,,03.20.39.73.20,julien.david@server.fr,militaire
Cousin,Jean, ,,04.96.95.51.19,jean.cousin@server.fr,
Vincent,, ,,01.61.19.31.53,daniel.vincent@server.fr,
Vincent,,  ,,01.07.43.00.50,colette.vincent@server.fr,cuisinier
Delattre-Moreau,,  ,,05.97.75.39.32,emilie.delattre-moreau@server.fr,militaire
Fleury,Arthur-Guillaume,  ,,01.39.04.65.86,arthur-guillaume.fleury@server.fr,
Schmitt,Amelie,,,04.82.23.77.64,amelie.schmitt@server.fr,acteur
de Legrand,Charles,,,01.80.93.85.48,charles.de-legrand@server.fr,acteur
Courtois,Louis,,,04.21.57.23.41,louis.courtois@server.fr,acteur
de la Bouchet,Edouard,,,03.12.61.32.27,edouard.de-la-bouchet@server.fr,agriculteur
de la Lecomte,Lucas,,,04.13.81.35.30,lucas.de-la-lecomte@server.fr,agriculteur
Bouchet,Gilles,, ,04.48.00.71.19,gilles.bouchet@server.fr,architecte
Collin,Manon,,,05.65.90.79.74,manon.collin@server.fr,architecte
du Weber,Xavier,,,04.16.69.78.02,xavier.du-weber@server.fr,architecte
"Da Costa du Normand,Agathe,,	,04.60.89.62.87,agathe.da-costa-du-normand@server.fr,avocat"
Benoit,Aurelie,,,02.14.78.82.56,aurelie.benoit@server.fr,avocat
Gros,Margot,,,01.25.42.04.03,margot.gros@server.fr,avocat
Rodrigues,Mathilde,,,01.76.73.19.66,mathilde.rodrigues@server.fr,avocat
Carre,Pierre,,,04.95.88.12.66,pierre.carre@server.fr,avocat
Peltier Le Andre,Zoe,,,03.87.46.53.10,zoe.peltier-le-andre@server.fr,avocat
Aubry Le Huet,Adrien,,,02.54.50.51.41,adrien.aubry-le-huet@server.fr,banquier
Fischer,Anne-Patricia,,,04.49.46.20.42,anne-patricia.fischer@server.fr,banquier
Bousquet,Bertrand,,,04.62.36.76.36,bertrand.bousquet@server.fr,banquier
Leroux,daisy,,,04.94.18.55.71,daisy.leroux@server.fr,banquier
Denis,Laure,,,04.44.39.54.01,laure.denis@server.fr,banquier
Schneider,,,,04.85.52.60.86,dominique.schneider@server.fr,banquier
"Lefort,Claire,,	,04.95.89.47.66,claire.lefort@server.fr,barman"
Humbert,Franck-Xavier,,,01.16.18.58.82,franck-xavier.humbert@server.fr,barman
Leclercq,Jeannine,,,04.27.19.05.22,jeannine.leclercq@server.fr,barman
Roy de Didier,Julie,,,02.41.01.51.03,julie.roy-de-didier@server.fr,barman
Bonnin,Anne-Christine,,,04.18.63.50.30,anne-christine.bonnin@server.fr,boulanger
Bernier,Benjamin,,,05.97.72.58.64,benjamin.bernier@server.fr,boulanger
Barbier,Charles-William,,,01.82.92.11.35,charles-william.barbier@server.fr,boulanger
Duval,,,,04.56.40.11.52,benoit.duval@server.fr,boulanger
Poulain,daisy,,,04.59.37.69.88,daisy.poulain@server.fr,chauffeur
Colin,Joseph,,,04.07.51.66.44,joseph.colin@server.fr,chauffeur
Pires-Richard,Paul,,,04.47.32.47.43,paul.pires-richard@server.fr,chauffeur
"Lambert,Benoit,,	,04.61.87.21.94,benoit.lambert@server.fr,chef d'entreprise"
Rocher,,,,03.35.03.89.15,alexandrie.rocher@server.fr,chef d'entreprise
Aubert,,,,01.13.38.06.40,denise.aubert@server.fr,chef d'entreprise
Wagner du Boucher,Alice,,,01.39.92.83.72,alice.wagner-du-boucher@server.fr,chercheur
Lacroix,Denis,,,01.13.56.29.64,denis.lacroix@server.fr,chercheur
Bernard de Bertrand,Juliette,,,04.99.01.50.04,juliette.bernard-de-bertrand@server.fr,chercheur
Bouvet,Olivier,,,01.67.97.00.67,olivier.bouvet@server.fr,chercheur
Dupuis,,,,04.05.96.37.97,brigitte.dupuis@server.fr,chercheur
Boulay,,,,05.50.47.01.39,corinne-brigitte.boulay@server.fr,chercheur
Chauvin, ,,,04.80.03.80.80,juliette.chauvin@server.fr,chercheur
Vidal,Andre,,,04.98.29.99.15,andre.vidal@server.fr,comptable
Weber,Antoine,,,04.16.69.44.75,antoine.weber@server.fr,comptable
Nguyen,Dorothee,,,04.62.12.84.97,dorothee.nguyen@server.fr,comptable
Pelletier,Marianne,,,05.49.47.22.45,marianne.pelletier@server.fr,comptable
David,,,,04.73.42.90.82,auguste.david@server.fr,cuisinier
Guerin,Augustin-Eugene,,,05.78.75.16.57,augustin-eugene.guerin@server.fr,enseignant
Reynaud,Daniel,,,05.15.41.59.28,daniel.reynaud@server.fr,enseignant
Da Silva,Joseph,,,01.65.51.51.07,joseph.da-silva@server.fr,enseignant
Dupre-Giraud,Jules,,,01.93.25.54.48,jules.dupre-giraud@server.fr,enseignant
Renault,Paul,,,05.48.89.39.95,paul.renault@server.fr,enseignant
Blin,Suzanne,,,04.42.64.79.71,suzanne.blin@server.fr,enseignant
du Diallo,Thierry,,,04.21.96.74.52,thierry.du-diallo@server.fr,enseignant
Lebrun,Thomas,,,03.44.33.68.62,thomas.lebrun@server.fr,enseignant
Richard,Stephane,,,05.45.59.94.99,stephane.richard@server.fr,footballeur
Guyon,Thomas,,,04.54.25.97.14,thomas.guyon@server.fr,footballeur
Toussaint,,,  ,01.63.15.19.25,gilles.toussaint@server.fr,footballeur
Berger,Arthur-Victor,,  ,04.47.46.81.74,arthur-victor.berger@server.fr,informaticien
Guilbert,Jeanne,,,04.12.69.05.08,jeanne.guilbert@server.fr,informaticien
Roux,Madeleine,,,01.41.72.01.92,madeleine.roux@server.fr,informaticien
Lefort,Tristan,,,01.10.55.88.25,tristan.lefort@server.fr,informaticien
Pons,Zoe,,,05.87.79.20.71,zoe.pons@server.fr,informaticien
Blanchard,Thibault,,,05.04.95.28.64,thibault.blanchard@server.fr,journaliste
Fischer,Anais-Maggie,,,01.57.69.81.07,anais-maggie.fischer@server.fr,medecin
Pascal,Claudine,,,04.63.55.91.39,claudine.pascal@server.fr,medecin
Barre,Suzanne,,,04.71.28.54.96,suzanne.barre@server.fr,medecin
Navarro,Benoit,,,04.91.90.20.57,benoit.navarro@server.fr,militaire
Lebon,Caroline,,,04.29.12.25.14,caroline.lebon@server.fr,militaire
du Toussaint,Denis,,,01.17.64.21.20,denis.du-toussaint@server.fr,militaire
Ollivier,Zoe,,,01.73.87.11.59,zoe.ollivier@server.fr,militaire
Weber,Auguste,,,01.11.34.33.87,auguste.weber@server.fr,ouvrier
"Lebrun,Camille-Jeanne,,	,04.56.53.65.09,camille-jeanne.lebrun@server.fr,ouvrier"
Loiseau,Josephine-Celina,,,04.74.77.98.85,josephine-celina.loiseau@server.fr,ouvrier
Schneider,Nicole,,,04.07.52.19.71,nicole.schneider@server.fr,ouvrier
Lefebvre de Tanguy,Thomas,,,04.52.47.55.32,thomas.lefebvre-de-tanguy@server.fr,ouvrier
Mary,,,,04.05.38.17.46,alex-gabrielle.mary@server.fr,ouvrier
Tessier,,,,04.18.70.23.54,alphonse.tessier@server.fr,ouvrier
Loiseau,Celina-Brigitte,,,01.17.53.51.47,celina-brigitte.loiseau@server.fr,technicien
Bouchet-Boulanger,Christiane,,,01.40.80.74.80,christiane.bouchet-boulanger@server.fr,technicien
Carpentier,Franck,,,04.67.13.25.30,franck.carpentier@server.fr,technicien
Da Costa,Hortense,,,05.67.99.05.58,hortense.da-costa@server.fr,technicien
Lefebvre,Nicole,,,01.32.27.30.67,nicole.lefebvre@server.fr,technicien
Rey du Letellier,Richard,,,01.06.01.13.72,richard.rey-du-letellier@server.fr,technicien
Vasseur,,,,03.45.62.68.19,astrid-olivie.vasseur@server.fr,technicien
Valette,Alex,,,01.89.49.60.73,alex.valette@server.fr,
Giraud,Alex-Elodie,,,02.82.02.61.96,alex-elodie.giraud@server.fr,
Berthelot,Alexandre,,,04.26.36.82.16,alexandre.berthelot@server.fr,
Antoine,Alfred,,,05.97.93.07.96,alfred.antoine@server.fr,
Perrin,Alfred-Augustin,,,04.51.41.25.97,alfred-augustin.perrin@server.fr,
Rey,Alphonse-David,,,04.35.25.89.60,alphonse-david.rey@server.fr,
Leveque,Amelie-Celina,,,02.80.88.90.31,amelie-celina.leveque@server.fr,
Berthelot,Amelie-Penelope,,,04.23.60.66.60,amelie-penelope.berthelot@server.fr,
Blanchet,Anais,,,01.85.73.18.11,anais.blanchet@server.fr,
Dupuis,Anais-Audrey,,,05.92.06.84.81,anais-audrey.dupuis@server.fr,
Bigot,Anastasie,,,01.14.71.71.18,anastasie.bigot@server.fr,
Laroche,Andree-Sylvie,, ,04.57.45.66.82,andree-sylvie.laroche@server.fr,
Bernier,Anne,,,01.42.04.38.93,anne.bernier@server.fr,
Meunier du Verdier,Anne,,,04.31.30.48.54,anne.meunier-du-verdier@server.fr,
Paris,Anne,,,01.13.92.87.51,anne.paris@server.fr,
Guilbert,Antoine-Roland,,,04.58.98.75.63,antoine-roland.guilbert@server.fr,
Turpin,Augustin,,,01.13.57.19.60,augustin.turpin@server.fr,
Coste de la Masson,Bernard,,,04.18.99.10.68,bernard.coste-de-la-masson@server.fr,
Briand de la Morel,Brigitte,,,04.21.94.49.50,brigitte.briand-de-la-morel@server.fr,
Chartier de Collin,Brigitte,,,05.20.41.29.13,brigitte.chartier-de-collin@server.fr,
Guyon-Marchand,Caroline,,,01.61.42.60.17,caroline.guyon-marchand@server.fr,
du Valette,Cecile,,,01.95.35.31.06,cecile.du-valette@server.fr,
Grenier,Chantal,,,04.46.96.78.82,chantal.grenier@server.fr,
Bigot,Christine,,,04.99.37.11.30,christine.bigot@server.fr,
Deschamps Le Lefevre,Christophe,,,01.94.24.76.18,christophe.deschamps-le-lefevre@server.fr,
Leconte,Claude,,,04.53.75.52.18,claude.leconte@server.fr,
Chevallier,Clemence,,,02.03.69.39.99,clemence.chevallier@server.fr,
Barre,Daniel-Luc,,,04.15.32.21.09,daniel-luc.barre@server.fr,
Vasseur,Elisabeth,,,01.60.04.28.27,elisabeth.vasseur@server.fr,
Brun,Emilie,,,04.65.11.22.81,emilie.brun@server.fr,
Da Costa,Emilie,,,01.26.94.46.64,emilie.da-costa@server.fr,
Bernier,Emmanuel,,,01.68.81.13.83,emmanuel.bernier@server.fr,
Begue de la Noel,Frederique,,,04.92.86.99.37,frederique.begue-de-la-noel@server.fr,
Joly,Henriette,,,04.84.66.94.70,henriette.joly@server.fr,
de Joubert,Jean,,,04.05.97.46.12,jean.de-joubert@server.fr,
de la Langlois,Jean,,,04.89.55.54.04,jean.de-la-langlois@server.fr,
Allain,Josette,,,04.27.43.46.44,josette.allain@server.fr,
Carlier,Jules,, ,05.22.73.88.53,jules.carlier@server.fr,
Arnaud,Luc,,,01.39.92.15.27,luc.arnaud@server.fr,
Germain,Marc,,,04.43.76.38.17,marc.germain@server.fr,
Collin,Noemi,,,04.21.73.47.46,noemi.collin@server.fr,
"Pottier Le Lefevre,Oceane,,	,04.27.21.11.91,oceane.pottier-le-lefevre@server.fr,"
"Peron,Patricia,,	,04.86.97.61.33,patricia.peron@server.fr,"
Cordier-Guerin,Pierre,,,01.79.61.61.09,pierre.cordier-guerin@server.fr,
Boulanger,Remy,,,04.88.90.91.05,remy.boulanger@server.fr,
Lecoq,Robert,,,01.27.74.86.94,robert.lecoq@server.fr,
Roy,Roger,,,04.72.20.13.43,roger.roy@server.fr,
Guillet,Sebastien,,,04.90.34.92.94,sebastien.guillet@server.fr,
Vallet,Sophie,,,01.44.58.52.33,sophie.vallet@server.fr,
Reynaud,Stephane,,,04.73.20.35.00,stephane.reynaud@server.fr,
Tanguy,Stephanie,,,03.88.47.15.25,stephanie.tanguy@server.fr,
Gilbert de Antoine,Susanne,,,01.12.59.77.00,susanne.gilbert-de-antoine@server.fr,
Cordier,Theodore,,,02.20.17.89.14,theodore.cordier@server.fr,
Berthelot,Thibault,,,04.83.51.51.65,thibault.berthelot@server.fr,
Humbert-Julien,Tristan,,,04.80.47.65.21,tristan.humbert-julien@server.fr,
Bodin,Veronique,,,01.91.89.60.92,veronique.bodin@server.fr,
Le Courtois,Victoire,,,01.25.42.90.47,victoire.le-courtois@server.fr,
Rocher-Laroche,Victoire,,,01.07.36.43.09,victoire.rocher-laroche@server.fr,
Fischer de Blondel,Yves,,,04.57.15.51.26,yves.fischer-de-blondel@server.fr,
Ledoux,,,,04.90.14.19.29,adele-charlotte.ledoux@server.fr,
Morin,,,,01.89.31.78.81,adrien-benoit.morin@server.fr,
du Legendre,,,,05.02.26.14.42,alice.du-legendre@server.fr,
Munoz,,,,02.12.47.48.08,antoine-antoine.munoz@server.fr,
Boucher,,,,04.40.67.27.21,antoine.boucher@server.fr,
Dupuy,,,,04.65.46.01.25,antoinette.dupuy@server.fr,
Gallet,,,,04.51.48.34.85,antoinette.gallet@server.fr,
Begue,,,,04.72.03.21.33,bernard.begue@server.fr,
de Auger,,,,04.87.99.53.60,bernard.de-auger@server.fr,
Teixeira,,,,04.81.15.49.13,celina.teixeira@server.fr,
Pires,,,,04.47.69.79.36,claudine.pires@server.fr,
Perrin,,,,01.79.27.37.25,david.perrin@server.fr,
